{"_sessions":{"Bdzs+Uy0apKZTrVzTb/5vc9D5u+fblqjJLQ1y6+jcfQA":{"registrationId":1905927102,"currentRatchet":{"ephemeralKeyPair":{"pubKey":"BYbBFbrO/D+SR/r7QQbbRmAPgZEn9wJS/vNHR2lkC7xH","privKey":"SPZJ6Q1ff/rY54wDLan7dDgigfV5AiUwovMnDUzscFU="},"lastRemoteEphemeralKey":"BS6SylrQwH3TE1PIg2ksWv+SSwTbim3LSEGXmgWaW80z","previousCounter":0,"rootKey":"Anzv+2HtXBMFFb1OZabUFLNN7CdPDF4blXpib4tHXiE="},"indexInfo":{"baseKey":"Bdzs+Uy0apKZTrVzTb/5vc9D5u+fblqjJLQ1y6+jcfQA","baseKeyType":1,"closed":-1,"used":1763083082070,"created":1763083082070,"remoteIdentityKey":"BeEy++Bbv7n8ZOg8a5uONky/wMrXBnIqFRAoiNyYzz0r"},"_chains":{"BYbBFbrO/D+SR/r7QQbbRmAPgZEn9wJS/vNHR2lkC7xH":{"chainKey":{"counter":0,"key":"EJ1BHhv2LFj3esCH4JS/yYELr60qOOCWVbGwZA8XTq8="},"chainType":1,"messageKeys":{}}},"pendingPreKey":{"signedKeyId":7803752,"baseKey":"Bdzs+Uy0apKZTrVzTb/5vc9D5u+fblqjJLQ1y6+jcfQA","preKeyId":13745362}}},"version":"v1"}