{"_sessions":{"BZSPR55UUIqmHtHc9k+LOOgGoN0C2zoRQBhToICUQN0Y":{"registrationId":906274334,"currentRatchet":{"ephemeralKeyPair":{"pubKey":"BcXb1jksL1i0FMb031BVBCEDEPMAJPbpamoCyvGTrhUY","privKey":"eJ0p/IB8qB6jhhY8ed7STEE/mc5SqMt8PavBXe4YYVk="},"lastRemoteEphemeralKey":"BRpnCTWiBWhStBKyy+V7fj+WjvZ/HAX4jiwrocWUFeYl","previousCounter":0,"rootKey":"TEHlz/ZU8w/L9rLv58mxJKN7OSXaWFNPk2jUzKkEiYI="},"indexInfo":{"baseKey":"BZSPR55UUIqmHtHc9k+LOOgGoN0C2zoRQBhToICUQN0Y","baseKeyType":1,"closed":-1,"used":1763073595894,"created":1763073595894,"remoteIdentityKey":"BWX1eyJkOVpnsZc8JzYpRfG2M+lm4xH88+7/FecEWfkL"},"_chains":{"BcXb1jksL1i0FMb031BVBCEDEPMAJPbpamoCyvGTrhUY":{"chainKey":{"counter":0,"key":"mfsHO2I9oGamRGF9x4RLs62bUwEvJcWsVezfhETBfpk="},"chainType":1,"messageKeys":{}}},"pendingPreKey":{"signedKeyId":10,"baseKey":"BZSPR55UUIqmHtHc9k+LOOgGoN0C2zoRQBhToICUQN0Y","preKeyId":15573256}}},"version":"v1"}