{"_sessions":{"BWACfGeY2KMdEBXmZPPHpjjehPpEhTTwjJXV4f7XkVkH":{"registrationId":71,"currentRatchet":{"ephemeralKeyPair":{"pubKey":"BUoDrG01fI9UPsBkBDHqHm5BsfhH1RJ6WEeasfV0bOMk","privKey":"AJxvYvQGNIel8ndH9r9Z+xmz3Y5rVDQ94H6l/ZGCFGY="},"lastRemoteEphemeralKey":"BeuGPy36jMzPDG7rRuNhMacCq8xoIBl7bk2W1v2eMlhc","previousCounter":0,"rootKey":"/kECpfL7qrlhcDchYpOpXrhdHbrZSNuJBSfyuHxFNOU="},"indexInfo":{"baseKey":"BWACfGeY2KMdEBXmZPPHpjjehPpEhTTwjJXV4f7XkVkH","baseKeyType":1,"closed":-1,"used":1763073595969,"created":1763073595969,"remoteIdentityKey":"BRprpMZqaPY9bf/WuNPUyiHG7AqDCDlA/12Q01EbWw4L"},"_chains":{"BUoDrG01fI9UPsBkBDHqHm5BsfhH1RJ6WEeasfV0bOMk":{"chainKey":{"counter":0,"key":"Vwo8wCPqGI/3S9vOY+QNTchmaQml4cJ6xMCSKQbPYd0="},"chainType":1,"messageKeys":{}}},"pendingPreKey":{"signedKeyId":1,"baseKey":"BWACfGeY2KMdEBXmZPPHpjjehPpEhTTwjJXV4f7XkVkH","preKeyId":893}}},"version":"v1"}