{"_sessions":{"BVCCnJqPUUHUbfdJ1irQmcTwvMvhdL/wDLnvZ4e3XYQC":{"registrationId":314205781,"currentRatchet":{"ephemeralKeyPair":{"pubKey":"BXDAgbAp5x+ECJnHUpXWs9SL9srNm1Z6ro7Hadrf1WIC","privKey":"uIq1+w2jl8Zpoto7/rpXU3VAsYv2BFXmA2FmL0nTrFY="},"lastRemoteEphemeralKey":"BQ65KKrXNOVTYSN0UXwBCZ13hkvWGjPlfn4IPkKP0K86","previousCounter":0,"rootKey":"a9fgLzZnQYvEmDSxfeAimtEaCP2u+kpiY1AAcc8H1Yw="},"indexInfo":{"baseKey":"BVCCnJqPUUHUbfdJ1irQmcTwvMvhdL/wDLnvZ4e3XYQC","baseKeyType":1,"closed":-1,"used":1763081913928,"created":1763073595801,"remoteIdentityKey":"BQZn+CbKKCy8VfaUvnLfUzivKpMWbfix5TT+UQEqLYYr"},"_chains":{"BQ65KKrXNOVTYSN0UXwBCZ13hkvWGjPlfn4IPkKP0K86":{"chainKey":{"counter":0,"key":"pCwzKZdVxFS90DAjZ0nmlCQjkeAIihJf/MxNrgf2k7o="},"chainType":2,"messageKeys":{}},"BXDAgbAp5x+ECJnHUpXWs9SL9srNm1Z6ro7Hadrf1WIC":{"chainKey":{"counter":-1,"key":"OGPDmGAcHdWF2RbcsShk8nchbTR0O6pXb4OTugPtSBM="},"chainType":1,"messageKeys":{}}}}},"version":"v1"}