{"_sessions":{"BXa2U/dZIZLV0IuY25XbFJZDXwkC9iPiAEERr9YByO89":{"registrationId":1347016444,"currentRatchet":{"ephemeralKeyPair":{"pubKey":"BXrtSfTcZiDoqQafnE/VZ0huLIPJen3dCZONyXt7MD1N","privKey":"8DVBELLQ6XMDuePFqvCIBdhpGBJEXcKzmS+NQXh4hHk="},"lastRemoteEphemeralKey":"BS0Bq7PS+B+URWI1SXB3DjIRZbhTJgt0dP4kHm2xeoov","previousCounter":0,"rootKey":"tQqFR4YKR0ZKuH5JHIMqAXnAPZ8axWyIHxVQCzFlKNw="},"indexInfo":{"baseKey":"BXa2U/dZIZLV0IuY25XbFJZDXwkC9iPiAEERr9YByO89","baseKeyType":1,"closed":-1,"used":1763081091759,"created":1763073595784,"remoteIdentityKey":"BaM6uOUnvcCAu9sD/11qny7+k1zjeBiNCYiBtJViItFp"},"_chains":{"BYCdNG0hbQty167ZTzbC1pwzv2MUH9QpJbcx+XVwj/pm":{"chainKey":{"counter":0},"chainType":2,"messageKeys":{}},"BS0Bq7PS+B+URWI1SXB3DjIRZbhTJgt0dP4kHm2xeoov":{"chainKey":{"counter":0,"key":"AvenBabbxxQO1UWiz7I84o5rSDvop75/FBs9J/fFEDA="},"chainType":2,"messageKeys":{}},"BXrtSfTcZiDoqQafnE/VZ0huLIPJen3dCZONyXt7MD1N":{"chainKey":{"counter":-1,"key":"sXG86z0nvx20pZu6gbumQxfG8QZ9delLDGpKsCS3OVc="},"chainType":1,"messageKeys":{}}}}},"version":"v1"}