{"_sessions":{"BQHoPXoJyCEvuXPR9XVuXi9zPICPmFwjTjgDz4kMwQlG":{"registrationId":48,"currentRatchet":{"ephemeralKeyPair":{"pubKey":"BSjU534QLQy5396Ib3IppijeCHEzUTHG86ZQvfDWBeRo","privKey":"OMUP6UcdJwdK7COoG+4nIbhfxmSsenEnGy8WmL+PaFc="},"lastRemoteEphemeralKey":"BVNZDazG6LrKrgYlYU5Cz+tg555JYSMtKajDTYymEXsX","previousCounter":0,"rootKey":"CUKPKyZ5dYttEtJUQnKHuvK6JcZxUXPR0697DuDXGF4="},"indexInfo":{"baseKey":"BQHoPXoJyCEvuXPR9XVuXi9zPICPmFwjTjgDz4kMwQlG","baseKeyType":2,"closed":-1,"used":1763080797863,"created":1763080797863,"remoteIdentityKey":"Be91UkTjnBH/xVXpN0z/JKGCTNH4PrHmc8z2v2+yekwc"},"_chains":{"BVNZDazG6LrKrgYlYU5Cz+tg555JYSMtKajDTYymEXsX":{"chainKey":{"counter":0,"key":"FWWfiLbRnjCBUY81NI4l+F3KDRFjUHIeOmh9S+cjCWc="},"chainType":2,"messageKeys":{}},"BSjU534QLQy5396Ib3IppijeCHEzUTHG86ZQvfDWBeRo":{"chainKey":{"counter":0,"key":"cRqPK0wnt9YYClZrZ3dqWnapavEPHVSKA+OpOqiY6eg="},"chainType":1,"messageKeys":{}}}}},"version":"v1"}