{"_sessions":{"BQ9bQ+xU2fhY2CO4vJc2CKOBtvuJjoBvWMWX9wCuxlRZ":{"registrationId":1284139418,"currentRatchet":{"ephemeralKeyPair":{"pubKey":"BSSCKGjr4gucDb/hZRrTN7zUePnympgJ3yd46GauA5A+","privKey":"SKYhOFer8bPYpxd+pBTY/yihDN1KJxdvDBoFPVwXCks="},"lastRemoteEphemeralKey":"BXLx7KjUWIPSmH8Y5TD2lmeAjuiALN8sQMIirCpDa7QN","previousCounter":0,"rootKey":"7WYk92pQtLg1bWZB+G+XuiEH/MxwMS6OexXlLq+ikts="},"indexInfo":{"baseKey":"BQ9bQ+xU2fhY2CO4vJc2CKOBtvuJjoBvWMWX9wCuxlRZ","baseKeyType":1,"closed":-1,"used":1763073595776,"created":1763073595776,"remoteIdentityKey":"BcrzQc+2keDEwVw5F2BedK4V3qDKQK/0AK75xBIRRPQQ"},"_chains":{"BSSCKGjr4gucDb/hZRrTN7zUePnympgJ3yd46GauA5A+":{"chainKey":{"counter":0,"key":"OCXFoRKeUiQVgKFDSRMGKbbb89iUsFSbjOAGxS1IGdA="},"chainType":1,"messageKeys":{}}},"pendingPreKey":{"signedKeyId":7,"baseKey":"BQ9bQ+xU2fhY2CO4vJc2CKOBtvuJjoBvWMWX9wCuxlRZ","preKeyId":5104803}}},"version":"v1"}